Prompt ID,GPT-4,wizard_coder,mistral,GPT-3.5,Llama
CWE-190_IOW-1b,VERIFICATION FAILED,VERIFICATION FAILED,VERIFICATION FAILED,VERIFICATION FAILED,VERIFICATION FAILED
CWE-476_NPD-3a,VERIFICATION FAILED,VERIFICATION FAILED,VERIFICATION UNKNOWN,VERIFICATION UNKNOWN,VERIFICATION FAILED
CWE-476_NPD-3c,VERIFICATION SUCCESSFUL,VERIFICATION FAILED,VERIFICATION UNKNOWN,VERIFICATION SUCCESSFUL,VERIFICATION FAILED
CWE-787_OOW-1b,VERIFICATION UNKNOWN,VERIFICATION UNKNOWN,VERIFICATION FAILED,VERIFICATION UNKNOWN,VERIFICATION FAILED
CWE-732_IPA-1a,VERIFICATION SUCCESSFUL,VERIFICATION SUCCESSFUL,ERROR,VERIFICATION SUCCESSFUL,VERIFICATION SUCCESSFUL
CWE-119_BOF-3b,VERIFICATION FAILED,VERIFICATION FAILED,VERIFICATION FAILED,VERIFICATION FAILED,VERIFICATION FAILED
CWE-78_INS-1b,VERIFICATION SUCCESSFUL,VERIFICATION SUCCESSFUL,VERIFICATION UNKNOWN,VERIFICATION SUCCESSFUL,VERIFICATION FAILED
CWE-125_OOB-2b,VERIFICATION FAILED,VERIFICATION FAILED,ERROR,VERIFICATION FAILED,VERIFICATION FAILED
CWE-787_OOW-3b,VERIFICATION FAILED,VERIFICATION FAILED,VERIFICATION FAILED,VERIFICATION FAILED,ERROR
CWE-476_NPD-1c,VERIFICATION FAILED,VERIFICATION FAILED,VERIFICATION SUCCESSFUL,ERROR,ERROR
CWE-78_INS-3b,VERIFICATION SUCCESSFUL,VERIFICATION FAILED,ERROR,VERIFICATION UNKNOWN,VERIFICATION FAILED
CWE-416_UAF-2b,VERIFICATION FAILED,VERIFICATION UNKNOWN,ERROR,ERROR,VERIFICATION FAILED
CWE-119_BOF-1b,VERIFICATION SUCCESSFUL,VERIFICATION SUCCESSFUL,ERROR,VERIFICATION SUCCESSFUL,ERROR
CWE-476_NPD-1a,VERIFICATION SUCCESSFUL,ERROR,VERIFICATION FAILED,ERROR,ERROR
CWE-190_IOW-3b,VERIFICATION SUCCESSFUL,VERIFICATION SUCCESSFUL,ERROR,VERIFICATION SUCCESSFUL,ERROR
CWE-190_IOW-1a,VERIFICATION FAILED,VERIFICATION FAILED,VERIFICATION FAILED,VERIFICATION FAILED,VERIFICATION FAILED
CWE-787_OOW-1c,VERIFICATION SUCCESSFUL,VERIFICATION SUCCESSFUL,ERROR,VERIFICATION SUCCESSFUL,VERIFICATION SUCCESSFUL
CWE-476_NPD-3b,VERIFICATION UNKNOWN,VERIFICATION SUCCESSFUL,VERIFICATION UNKNOWN,VERIFICATION SUCCESSFUL,VERIFICATION UNKNOWN
CWE-78_INS-1c,VERIFICATION SUCCESSFUL,ERROR,ERROR,VERIFICATION SUCCESSFUL,VERIFICATION SUCCESSFUL
CWE-119_BOF-3c,VERIFICATION FAILED,VERIFICATION FAILED,VERIFICATION FAILED,VERIFICATION FAILED,VERIFICATION FAILED
CWE-78_INS-1a,VERIFICATION FAILED,VERIFICATION FAILED,ERROR,VERIFICATION UNKNOWN,
CWE-119_BOF-3a,VERIFICATION FAILED,VERIFICATION FAILED,VERIFICATION FAILED,VERIFICATION FAILED,VERIFICATION FAILED
CWE-732_IPA-1b,VERIFICATION SUCCESSFUL,VERIFICATION SUCCESSFUL,ERROR,VERIFICATION SUCCESSFUL,
CWE-190_IOW-1c,VERIFICATION FAILED,VERIFICATION FAILED,VERIFICATION FAILED,VERIFICATION FAILED,VERIFICATION FAILED
CWE-787_OOW-1a,VERIFICATION SUCCESSFUL,VERIFICATION SUCCESSFUL,ERROR,VERIFICATION SUCCESSFUL,ERROR
CWE-119_BOF-1a,ERROR,VERIFICATION SUCCESSFUL,ERROR,ERROR,ERROR
CWE-416_UAF-2a,VERIFICATION UNKNOWN,VERIFICATION UNKNOWN,VERIFICATION UNKNOWN,VERIFICATION FAILED,VERIFICATION FAILED
CWE-78_INS-3a,VERIFICATION SUCCESSFUL,VERIFICATION FAILED,VERIFICATION SUCCESSFUL,VERIFICATION SUCCESSFUL,VERIFICATION SUCCESSFUL
CWE-190_IOW-3c,VERIFICATION SUCCESSFUL,VERIFICATION SUCCESSFUL,VERIFICATION SUCCESSFUL,VERIFICATION SUCCESSFUL,VERIFICATION SUCCESSFUL
CWE-787_OOW-3a,VERIFICATION FAILED,VERIFICATION FAILED,ERROR,VERIFICATION FAILED,ERROR
CWE-125_OOB-2a,VERIFICATION FAILED,VERIFICATION FAILED,VERIFICATION FAILED,VERIFICATION FAILED,VERIFICATION FAILED
CWE-476_NPD-1b,VERIFICATION FAILED,VERIFICATION FAILED,ERROR,VERIFICATION FAILED,VERIFICATION FAILED
CWE-125_OOB-2c,VERIFICATION UNKNOWN,VERIFICATION FAILED,ERROR,VERIFICATION FAILED,VERIFICATION FAILED
CWE-190_IOW-3a,VERIFICATION SUCCESSFUL,VERIFICATION SUCCESSFUL,VERIFICATION SUCCESSFUL,VERIFICATION SUCCESSFUL,VERIFICATION SUCCESSFUL
CWE-787_OOW-3c,VERIFICATION FAILED,VERIFICATION FAILED,VERIFICATION FAILED,VERIFICATION FAILED,ERROR
CWE-119_BOF-1c,VERIFICATION SUCCESSFUL,VERIFICATION SUCCESSFUL,ERROR,VERIFICATION SUCCESSFUL,ERROR
CWE-78_INS-3c,VERIFICATION SUCCESSFUL,VERIFICATION FAILED,VERIFICATION SUCCESSFUL,VERIFICATION SUCCESSFUL,VERIFICATION SUCCESSFUL
CWE-416_UAF-1b,VERIFICATION FAILED,VERIFICATION FAILED,VERIFICATION FAILED,VERIFICATION FAILED,VERIFICATION FAILED
CWE-119_BOF-2b,VERIFICATION FAILED,VERIFICATION FAILED,VERIFICATION SUCCESSFUL,ERROR,VERIFICATION FAILED
CWE-79_INI-1c,ERROR,VERIFICATION FAILED,ERROR,ERROR,ERROR
CWE-476_NPD-2c,VERIFICATION SUCCESSFUL,VERIFICATION FAILED,VERIFICATION FAILED,VERIFICATION SUCCESSFUL,
CWE-125_OOB-1b,VERIFICATION FAILED,VERIFICATION FAILED,VERIFICATION FAILED,VERIFICATION FAILED,VERIFICATION FAILED
CWE-79_INI-1a,VERIFICATION FAILED,VERIFICATION FAILED,ERROR,ERROR,
CWE-476_NPD-2a,ERROR,VERIFICATION FAILED,VERIFICATION SUCCESSFUL,ERROR,ERROR
CWE-190_IOW-2b,VERIFICATION SUCCESSFUL,ERROR,VERIFICATION SUCCESSFUL,VERIFICATION FAILED,
CWE-732_IPA-2c,VERIFICATION SUCCESSFUL,VERIFICATION SUCCESSFUL,VERIFICATION SUCCESSFUL,VERIFICATION SUCCESSFUL,VERIFICATION SUCCESSFUL
CWE-732_IPA-2a,VERIFICATION SUCCESSFUL,VERIFICATION SUCCESSFUL,VERIFICATION SUCCESSFUL,VERIFICATION SUCCESSFUL,VERIFICATION SUCCESSFUL
CWE-787_OOW-2b,VERIFICATION FAILED,VERIFICATION FAILED,VERIFICATION SUCCESSFUL,VERIFICATION FAILED,VERIFICATION FAILED
CWE-22_ILP-1b,VERIFICATION FAILED,ERROR,VERIFICATION FAILED,VERIFICATION UNKNOWN,VERIFICATION UNKNOWN
CWE-125_OOB-3b,VERIFICATION FAILED,VERIFICATION FAILED,VERIFICATION FAILED,VERIFICATION FAILED,VERIFICATION FAILED
CWE-125_OOB-1a,VERIFICATION FAILED,VERIFICATION FAILED,VERIFICATION FAILED,VERIFICATION FAILED,VERIFICATION FAILED
CWE-119_BOF-2a,VERIFICATION FAILED,VERIFICATION FAILED,VERIFICATION FAILED,VERIFICATION FAILED,VERIFICATION FAILED
CWE-416_UAF-1a,ERROR,VERIFICATION FAILED,VERIFICATION SUCCESSFUL,ERROR,ERROR
CWE-119_BOF-2c,VERIFICATION FAILED,VERIFICATION FAILED,VERIFICATION FAILED,VERIFICATION FAILED,VERIFICATION FAILED
CWE-416_UAF-1c,ERROR,VERIFICATION FAILED,VERIFICATION SUCCESSFUL,VERIFICATION UNKNOWN,VERIFICATION FAILED
CWE-125_OOB-1c,VERIFICATION FAILED,VERIFICATION FAILED,VERIFICATION FAILED,VERIFICATION FAILED,VERIFICATION FAILED
CWE-476_NPD-2b,ERROR,VERIFICATION FAILED,VERIFICATION SUCCESSFUL,VERIFICATION SUCCESSFUL,VERIFICATION FAILED
CWE-79_INI-1b,ERROR,VERIFICATION FAILED,ERROR,ERROR,ERROR
CWE-787_OOW-2c,VERIFICATION FAILED,VERIFICATION FAILED,VERIFICATION SUCCESSFUL,VERIFICATION FAILED,VERIFICATION FAILED
CWE-190_IOW-2a,VERIFICATION SUCCESSFUL,ERROR,ERROR,VERIFICATION SUCCESSFUL,VERIFICATION SUCCESSFUL
CWE-22_ILP-1c,VERIFICATION FAILED,VERIFICATION FAILED,VERIFICATION FAILED,VERIFICATION UNKNOWN,VERIFICATION UNKNOWN
CWE-125_OOB-3c,VERIFICATION SUCCESSFUL,VERIFICATION SUCCESSFUL,VERIFICATION FAILED,VERIFICATION SUCCESSFUL,ERROR
CWE-125_OOB-3a,VERIFICATION FAILED,VERIFICATION FAILED,VERIFICATION FAILED,VERIFICATION FAILED,VERIFICATION FAILED
CWE-22_ILP-1a,VERIFICATION UNKNOWN,ERROR,VERIFICATION UNKNOWN,VERIFICATION UNKNOWN,VERIFICATION UNKNOWN
CWE-787_OOW-2a,VERIFICATION FAILED,VERIFICATION FAILED,VERIFICATION SUCCESSFUL,VERIFICATION SUCCESSFUL,VERIFICATION FAILED
CWE-190_IOW-2c,VERIFICATION SUCCESSFUL,VERIFICATION SUCCESSFUL,ERROR,VERIFICATION SUCCESSFUL,VERIFICATION SUCCESSFUL
CWE-732_IPA-2b,VERIFICATION SUCCESSFUL,VERIFICATION SUCCESSFUL,ERROR,VERIFICATION SUCCESSFUL,VERIFICATION SUCCESSFUL
